threshold,precision,recall,f1,f2,false_alarm_rate,threats_detected,threats_missed,benign_false_alarms,benign_correct
0.1,0.5289861169541439,0.9836963324571285,0.6879985992711833,0.8393903305224594,0.4359066203609973,31435,521,27990,36221
0.11,0.5404669595933489,0.9815371135311053,0.6970919314153637,0.8438117067239144,0.4153338213078756,31366,590,26669,37542
0.12,0.5505924608694122,0.9785955689072474,0.7046973060065576,0.8469242393877187,0.3975175592966937,31272,684,25525,38686
0.13,0.5605703702371747,0.9755601451996495,0.7120099578618004,0.8497467795482918,0.3805889956549501,31175,781,24438,39773
0.14,0.570669949652714,0.9718675679058706,0.7190951399661951,0.8520625967099416,0.363878463191665,31057,899,23365,40846
0.15,0.5798424901556347,0.9676743021654776,0.7251600497150763,0.853500336730075,0.34895890112286054,30923,1033,22407,41804
0.16,0.5882263084531516,0.9640130178996119,0.7306319446914986,0.8547961930131247,0.33584588310414104,30806,1150,21565,42646
0.17,0.5965714508094645,0.9594129427963449,0.7356865191726256,0.855364476386037,0.3228886016414633,30659,1297,20733,43478
0.18,0.6044889954238396,0.9548754537489047,0.7403166130891005,0.8556782555537484,0.31092803413745307,30514,1442,19965,44246
0.19,0.6140950455005055,0.9502753786456377,0.746062943763359,0.8564989789816894,0.29719206989456637,30367,1589,19083,45128
0.2,0.623832162050434,0.944454875453749,0.7513692491535551,0.8564221016549,0.28342495834047127,30181,1775,18199,46012
0.21,0.6318405864262544,0.9386656652897735,0.755281379831298,0.8555716551244167,0.2721963526498575,29996,1960,17478,46733
0.22,0.6429435135602004,0.9317811991488296,0.7608728982470486,0.8549639362337483,0.25752596907071995,29776,2180,16536,47675
0.23,0.6542739398236362,0.924083114282138,0.7661175249708133,0.8536754587819008,0.24301132204762424,29530,2426,15604,48607
0.24,0.6638537589647293,0.9182313180623357,0.7705923290045564,0.8528702223514024,0.23139337496690598,29343,2613,14858,49353
0.25,0.6755941329372447,0.910940042558518,0.7758115239059752,0.8516078449728516,0.2176885580352276,29110,2846,13978,50233
0.26,0.6849175269965587,0.9030854925522593,0.7790149950736257,0.848998876199554,0.20675585180109327,28859,3097,13276,50935
0.27,0.6951987358696974,0.8948867192389536,0.7825040018606942,0.8462703969602093,0.19526249396520845,28597,3359,12538,51673
0.28,0.7056657294284505,0.8874702716234822,0.7861944694712039,0.8439823108926096,0.18422077214184485,28360,3596,11829,52382
0.29,0.7154672231270358,0.879803479784704,0.789170830292483,0.8411620392532312,0.17412904331033624,28115,3841,11181,53030
0.3,0.7279369402398785,0.8698522969082488,0.7925921701690856,0.8372086018914523,0.1617947080718257,27797,4159,10389,53822
0.31,0.737144383598237,0.8635311052697459,0.7953480998976813,0.8349015787339873,0.1532447711451309,27595,4361,9840,54371
0.32,0.7458019214544267,0.8575228439103768,0.7977699820958093,0.8325788280761027,0.1454579433430409,27403,4553,9340,54871
0.33,0.7544044613378464,0.85088872199274,0.7997470551037515,0.8296667419309562,0.1378579994082011,27191,4765,8852,55359
0.34,0.7617554858934169,0.8440668419076229,0.8008016032064128,0.8262116116226498,0.1313793586768622,26973,4983,8436,55775
0.35,0.7697324943252019,0.8383089247715609,0.8025584565376953,0.8236332220357013,0.12480727601189827,26789,5167,8014,56197
0.36,0.7779372985643129,0.8308611841281762,0.8035287352843264,0.8197080652530966,0.11803273582407998,26551,5405,7579,56632
0.37,0.7854778589533323,0.8242896482663663,0.8044158739368769,0.8162234520541154,0.1120368784164707,26341,5615,7194,57017
0.38,0.7921392612361254,0.8173738890975091,0.8045587555829354,0.8121991567059291,0.10674183551104952,26120,5836,6854,57357
0.39,0.7989071713024419,0.8098322693703843,0.8043326236615954,0.8076234107491714,0.10144679260562832,25879,6077,6514,57697
0.4,0.8052241617480849,0.8026035799223933,0.8039117352056169,0.8031263308199104,0.09661895936833254,25648,6308,6204,58007
0.41,0.8120005114762483,0.7948742020277882,0.8033460893766406,0.7982414239563561,0.0915886686081824,25401,6555,5881,58330
0.42,0.8184684391861146,0.7879897358868444,0.8029399572717707,0.7939025159215587,0.08697886654934513,25181,6775,5585,58626
0.43,0.8243198626518753,0.7812930279133808,0.8022299338088812,0.7895352661404574,0.08286742146984162,24967,6989,5321,58890
0.44,0.8300765511684126,0.773657529102516,0.8008746355685131,0.7843193238921882,0.07881827101275482,24723,7233,5061,59150
0.45,0.8360566263005288,0.7669608211290524,0.8000195851218358,0.7798509599781086,0.07484698883368893,24509,7447,4806,59405
0.46,0.8420613684539736,0.7582926523970459,0.7979846212108739,0.7736859917880473,0.07078226472099795,24232,7724,4545,59666
0.47,0.8478475652787579,0.7519088747027163,0.7970014594666313,0.7693194334161523,0.06715360296522403,24028,7928,4312,59899
0.48,0.8533299896105757,0.7453686318688196,0.7957039536320968,0.764718724516332,0.06375854604351279,23819,8137,4094,60117
0.49,0.8589809010059776,0.7374827888346477,0.7936085668103449,0.7589527244621924,0.0602544735325723,23567,8389,3869,60342
0.5,0.8648708733187594,0.7304418575541369,0.7919925354143693,0.7538772583697751,0.056797121988444346,23342,8614,3647,60564
0.51,0.8706613906161673,0.722962823882839,0.7899676873365133,0.7483528657221153,0.05344878603354566,23103,8853,3432,60779
0.52,0.8772373615422943,0.716234822881462,0.788602339483522,0.7435272715459832,0.04988241890018844,22888,9068,3203,61008
0.53,0.8821172993154948,0.7097571661033921,0.7866060900326004,0.7386215610671113,0.047203750136269484,22681,9275,3031,61180
0.54,0.8865617481165937,0.7033733884090625,0.7844143153780384,0.7336937007514183,0.04478983351762159,22477,9479,2876,61335
0.55,0.8922355017245528,0.6961759919889848,0.7821058182457374,0.7281779023029891,0.041846412608431575,22247,9709,2687,61524
0.56,0.8970133463541666,0.689854800350482,0.7799122620816529,0.723261154855643,0.039416922334179504,22045,9911,2531,61680
0.57,0.9018318653599636,0.682469645762924,0.7769643207039669,0.7173682790924102,0.036971858404323245,21809,10147,2374,61837
0.58,0.9066492938802959,0.6750219051195394,0.7738752959747435,0.7113695124525116,0.03458908909688371,21571,10385,2221,61990
0.59,0.9109139005034559,0.6681061459506822,0.7708416073943026,0.7057291322341368,0.03251779290152777,21350,10606,2088,62123
0.6,0.9150918862690708,0.660689698335211,0.7673548011921204,0.6995877955678083,0.03050879132858856,21113,10843,1959,62252
0.61,0.9190520160049246,0.6540868694454876,0.7642552880308598,0.6941095990489284,0.028671099967295322,20902,11054,1841,62370
0.62,0.9236030397854269,0.6465452497183628,0.760630269116077,0.687810431841485,0.026615377427543566,20661,11295,1709,62502
0.63,0.9274585509879627,0.6389410439354112,0.7566285597821052,0.6813312955906006,0.02487112799987541,20418,11538,1597,62614
0.64,0.9310774053755013,0.6319939917386407,0.7529218782038138,0.6753837407617965,0.023282615128249053,20196,11760,1495,62716
0.65,0.9350436169214895,0.623889097509075,0.7484139795037351,0.6683719308596945,0.021569513011789256,19937,12019,1385,62826
0.66,0.9388650453028136,0.6160971335586432,0.7439821637758379,0.6615858166323911,0.01996542648455872,19688,12268,1282,62929
0.67,0.9423459244532804,0.6081487044686444,0.7392304912607696,0.654577054436937,0.018517076513369982,19434,12522,1189,63022
0.68,0.9459352801894239,0.6000751032669921,0.7343187562227158,0.6474178910976663,0.017068726542181247,19176,12780,1096,63115
0.69,0.9495233316608128,0.5921892602328201,0.7294453224376518,0.640388754280764,0.01566709753780505,18924,13032,1006,63205
0.7,0.9531760620915033,0.5841469520590812,0.7243694218083042,0.6331745902529035,0.014281042189033031,18667,13289,917,63294
0.71,0.9563885571881003,0.5764488671923895,0.7193314719721967,0.6262025359486012,0.013081870707511174,18421,13535,840,63371
0.72,0.9593530313441514,0.5679684566278633,0.7135135135135136,0.6184281362654437,0.011976141159614396,18150,13806,769,63442
0.73,0.9628832705755783,0.560145199649518,0.7082657381395164,0.6112803420437937,0.010745822366884178,17900,14056,690,63521
0.74,0.9651722252597048,0.552415821754913,0.7026628985391872,0.6040831131855948,0.00992041861986264,17653,14303,637,63574
0.75,0.9677150013915947,0.5440292902741269,0.6965004707437752,0.5962383993305393,0.009032720250424382,17385,14571,580,63631
0.76,0.9706648544569034,0.5363624984353486,0.690934010561535,0.5890763118461391,0.008067153602965223,17140,14816,518,63693
0.77,0.9724237190558435,0.5285705344849168,0.6848720755788023,0.5816700414617684,0.0074597810344022054,16891,15065,479,63732
0.78,0.9746264283621447,0.5204656402553511,0.6785663287162644,0.5739566150639455,0.006743392876609927,16632,15324,433,63778
0.79,0.9771206690561529,0.5118600575791714,0.6718005585674388,0.5657355911568579,0.005964710096400928,16357,15599,383,63828
0.8,0.9793519308076502,0.5031605958192514,0.6647786000744201,0.5573619334174512,0.005279469249817009,16079,15877,339,63872
0.81,0.9812399055783327,0.49430466891976466,0.657427061222791,0.5487694723530802,0.00470324399246235,15796,16160,302,63909
0.82,0.9831098178137652,0.48632494680185256,0.6507411439577925,0.5410006126768409,0.004158166046316052,15541,16415,267,63944
0.83,0.9846074579764281,0.4784078107397672,0.6439357243645094,0.5332366010701006,0.0037221036893990127,15288,16668,239,63972
0.84,0.9859349326322708,0.4694267117286269,0.6360263721354222,0.5243674801977083,0.0033327622992945136,15001,16955,214,63997
0.85,0.9870539307754226,0.4604769057453999,0.6279873677022875,0.5154765574643387,0.003005715531606734,14715,17241,193,64018
0.86,0.9884797366796956,0.45108899737138564,0.6194804357635532,0.5061197834376119,0.0026163741415022347,14415,17541,168,64043
0.87,0.9903266507780737,0.44210789836024533,0.6113106313011121,0.49714969385600677,0.002149164473376836,14128,17828,138,64073
0.88,0.9915254237288136,0.4320315433721367,0.6018308631211857,0.4869909981093208,0.0018376913612932365,13806,18150,118,64093
0.89,0.9922190413271673,0.4229878583051696,0.5931240264156739,0.4778114770903589,0.0016508074940430766,13517,18439,106,64105
0.9,0.9932401982875169,0.413819001126549,0.5842279655400928,0.4684776601623942,0.0014016290043761973,13224,18732,90,64121
